,precision,recall,f1-score
macro avg,0.44438073394495414,0.5,0.4705525197328476
