,precision,recall,f1-score,support
0,0.8887614678899083,1.0,0.9411050394656952,775.0
1,0.0,0.0,0.0,97.0
accuracy,0.8887614678899083,0.8887614678899083,0.8887614678899083,0.8887614678899083
macro avg,0.44438073394495414,0.5,0.4705525197328476,872.0
weighted avg,0.7898969468058245,0.8887614678899083,0.8364178963141213,872.0
