,precision,recall,f1-score
macro avg,0.5090408805031447,0.5077597840755735,0.5079365079365079
