,precision,recall,f1-score
macro avg,0.3958120531154239,0.5,0.4418472063854048
